day,job,pay
2026-10-07,Peon / MTS (Union),40762.0
2026-10-07,Railway Group D,40762.0
2026-10-07,Postal Assistant / LDC,45034.0
2026-10-07,Tax Assistant,57672.0
2026-10-07,Railway Station Master / NTPC,65860.0
2026-10-07,Junior Engineer,79922.0
2026-10-07,Inspector / ASO (CGL),101282.0
2026-10-07,PGT Teacher (KVS),107334.0
2026-10-07,Scientist B (DRDO / ISRO),126558.0
2026-10-07,IRS / IFS officer (entry),126558.0
2026-10-07,IAS: SDM / Asst. Secretary,126558.0
2026-10-07,IAS: District Collector,177822.0
2026-10-07,IAS: Joint Secretary,325206.0
2026-10-07,IAS: Secretary to Govt of India,507478.0
2026-10-07,Cabinet Secretary,250000.0
2026-10-07,Sepoy / Soldier,48950.0
2026-10-07,Agniveer (year 1-4 package),35000.0
2026-10-07,Police Constable (central),48950.0
2026-10-07,Sub-Inspector (CAPF),79922.0
2026-10-07,IPS: Superintendent of Police,152724.0
2026-10-07,IPS: IG / Director General,411002.0
2026-10-07,Army Lieutenant,126558.0
2026-10-07,Army Colonel,277680.0
2026-10-07,Chief of Army Staff,250000.0
2026-10-07,Peon / Class-4 (State),32000.0
2026-10-07,Talathi (village accountant),42000.0
2026-10-07,State Police Constable,40000.0
2026-10-07,Police Sub-Inspector (MPSC),70000.0
2026-10-07,Tahsildar / Deputy Collector (MPSC),105000.0
2026-10-07,Zilla Parishad Teacher,52000.0
2026-10-07,Bank Clerk (IBPS),38000.0
2026-10-07,Bank PO (IBPS / SBI),62000.0
2026-10-07,PSU Engineer (Navratna),125000.0
2026-10-07,Civil Judge (Junior Division),85000.0
2026-10-07,High Court Judge,225000.0
2026-10-07,Supreme Court Judge,250000.0
2026-10-07,Chief Justice of India,280000.0
2026-10-07,MLA (state; varies widely),150000.0
2026-10-07,Member of Parliament,290000.0
2026-10-07,Prime Minister,230000.0
2026-10-07,Chief Minister (varies by state),250000.0
2026-10-07,Governor,350000.0
2026-10-07,Vice President,400000.0
2026-10-07,President of India,500000.0
2026-10-07,Intern,15000.0
2026-10-07,Graduate Trainee,30000.0
2026-10-07,Software Engineer,70000.0
2026-10-07,Chartered Accountant (firm),85000.0
2026-10-07,Doctor (private hospital),110000.0
2026-10-07,Team Lead,100000.0
2026-10-07,Manager,150000.0
2026-10-07,Senior Manager,220000.0
2026-10-07,Director (company),400000.0
2026-10-07,Vice President (company),550000.0
2026-10-07,CFO,900000.0
2026-10-07,CEO (mid-size company),1200000.0
2026-10-07,CEO (large listed company),4000000.0
2026-10-07,Carpenter,23400.0
2026-10-07,Plumber,22100.0
2026-10-07,Electrician,23400.0
2026-10-07,Mason,20800.0
2026-10-07,Painter,18200.0
2026-10-07,Welder,23400.0
2026-10-07,AC / appliance technician,26000.0
2026-10-07,Tailor,15600.0
2026-10-07,Truck driver,26000.0
2026-10-07,Cook / chef (restaurant),22000.0
2026-10-07,Security guard,16000.0
2026-10-07,MGNREGA worker (100-day cap),2500.0
2026-10-07,Farm labourer,9880.0
2026-10-07,Construction helper,14300.0
2026-10-07,Loader / hamal,14300.0
2026-10-07,Domestic worker,11000.0
2026-10-07,Street vendor (net),14000.0
2026-10-07,Delivery rider (gig),22000.0
2026-10-07,Cab / auto driver (net),26000.0
2026-10-07,Freelancer (junior),30000.0
2026-10-07,Kirana shop owner (net),35000.0
